{
  "DBInstanceIdentifier": "rds-ex1",
  "DBInstanceClass": "db.t3.micro",
  "Engine": "sqlserver-ex",
  "DBInstanceStatus": "available",
  "MasterUsername": "admin",
  "Endpoint": {
    "Address": "rds-ex1.cscudvycznhh.us-east-2.rds.amazonaws.com",
    "Port": 1433,
    "HostedZoneId": "Z2XHWR1WZ565X2"
  },
  "AllocatedStorage": 20,
  "InstanceCreateTime": "2025-08-31T11:14:06.68-05:00",
  "PreferredBackupWindow": "07:16-07:46",
  "BackupRetentionPeriod": 1,
  "DBSecurityGroups": [],
  "VpcSecurityGroups": [
    {
      "VpcSecurityGroupId": "sg-0cb8a2b0f28ff3682",
      "Status": "active"
    }
  ],
  "DBParameterGroups": [
    {
      "DBParameterGroupName": "default.sqlserver-ex-15.0",
      "ParameterApplyStatus": "in-sync"
    }
  ],
  "AvailabilityZone": "us-east-2a",
  "DBSubnetGroup": {
    "DBSubnetGroupName": "default-vpc-09e6dd5f1f12f24e5",
    "DBSubnetGroupDescription": "Created from the RDS Management Console",
    "VpcId": "vpc-09e6dd5f1f12f24e5",
    "SubnetGroupStatus": "Complete",
    "Subnets": [
      {
        "SubnetIdentifier": "subnet-01952ff513a288c5f",
        "SubnetAvailabilityZone": {
          "Name": "us-east-2b"
        },
        "SubnetOutpost": {},
        "SubnetStatus": "Active"
      },
      {
        "SubnetIdentifier": "subnet-051a1e48ff4817b40",
        "SubnetAvailabilityZone": {
          "Name": "us-east-2a"
        },
        "SubnetOutpost": {},
        "SubnetStatus": "Active"
      },
      {
        "SubnetIdentifier": "subnet-012e70b22f0110f92",
        "SubnetAvailabilityZone": {
          "Name": "us-east-2a"
        },
        "SubnetOutpost": {},
        "SubnetStatus": "Active"
      }
    ]
  },
  "PreferredMaintenanceWindow": "sat:03:16-sat:03:46",
  "PendingModifiedValues": {},
  "LatestRestorableTime": "2025-08-31T11:16:10.576-05:00",
  "MultiAZ": false,
  "EngineVersion": "15.00.4440.1.v1",
  "AutoMinorVersionUpgrade": false,
  "ReadReplicaDBInstanceIdentifiers": [],
  "LicenseModel": "license-included",
  "OptionGroupMemberships": [
    {
      "OptionGroupName": "default:sqlserver-ex-15-00",
      "Status": "in-sync"
    }
  ],
  "CharacterSetName": "SQL_Latin1_General_CP1_CI_AS",
  "PubliclyAccessible": true,
  "StorageType": "gp2",
  "DbInstancePort": 0,
  "StorageEncrypted": true,
  "KmsKeyId": "arn:aws:kms:us-east-2:235290434474:key/2ae0ec57-026d-4a8b-becb-06827753e0ec",
  "DbiResourceId": "db-VS3MLBNF6KUIS2AAUR53BGDFBI",
  "CACertificateIdentifier": "rds-ca-rsa2048-g1",
  "DomainMemberships": [],
  "CopyTagsToSnapshot": true,
  "MonitoringInterval": 0,
  "DBInstanceArn": "arn:aws:rds:us-east-2:235290434474:db:rds-ex1",
  "IAMDatabaseAuthenticationEnabled": false,
  "DatabaseInsightsMode": "standard",
  "PerformanceInsightsEnabled": false,
  "DeletionProtection": false,
  "AssociatedRoles": [],
  "MaxAllocatedStorage": 1000,
  "TagList": [],
  "CustomerOwnedIpEnabled": false,
  "ActivityStreamStatus": "stopped",
  "BackupTarget": "region",
  "NetworkType": "IPV4",
  "StorageThroughput": 0,
  "CertificateDetails": {
    "CAIdentifier": "rds-ca-rsa2048-g1",
    "ValidTill": "2028-08-30T11:11:36-05:00"
  },
  "DedicatedLogVolume": false
}
